Model,Gen,Block,Attn_Norm,MLP_Norm,Total_Norm
SmolLM_Trt,0,0,212.4949531943209,306.8499862514255,519.3449394457464
SmolLM_Trt,0,1,190.61069234215654,306.9662415274683,497.57693386962484
SmolLM_Trt,0,2,182.08812952541004,305.24422854904236,487.3323580744524
SmolLM_Trt,0,3,182.1863890939544,307.58651920536926,489.77290829932366
SmolLM_Trt,0,4,182.3357726404092,304.6705700424641,487.0063426828733
SmolLM_Trt,0,5,176.76588120396,304.523484700893,481.28936590485296
SmolLM_Trt,0,6,179.0971688733172,308.69064776184103,487.78781663515826
SmolLM_Trt,0,7,170.1795079949588,309.35306424759233,479.53257224255117
SmolLM_Trt,0,8,170.07631272001842,311.09931091212655,481.17562363214495
SmolLM_Trt,0,9,174.96094081407676,314.15019608958545,489.1111369036622
SmolLM_Trt,0,10,181.4944317596703,314.67705729942406,496.17148905909437
SmolLM_Trt,0,11,182.96742834172528,313.714032425432,496.68146076715726
SmolLM_Trt,0,12,179.58255155294353,312.1504607657179,491.73301231866145
SmolLM_Trt,0,13,184.50592213458725,308.9670447889629,493.47296692355013
SmolLM_Trt,0,14,173.62181647549366,308.8392488668255,482.4610653423192
SmolLM_Trt,0,15,173.1545023655265,310.1468181815267,483.30132054705325
SmolLM_Trt,0,16,182.7452687539492,312.7540123893297,495.49928114327895
SmolLM_Trt,0,17,170.43043723333832,312.5540390776449,482.98447631098327
SmolLM_Trt,0,18,166.54893530600097,308.2368173123954,474.7857526183964
SmolLM_Trt,0,19,181.14761655725698,311.46639064271443,492.6140071999714
SmolLM_Trt,0,20,175.02197406682967,311.72596952792526,486.74794359475493
SmolLM_Trt,0,21,174.18706900848187,313.97504379329257,488.16211280177447
SmolLM_Trt,0,22,180.91624780738496,316.14278073759647,497.0590285449814
SmolLM_Trt,0,23,196.1878789270393,317.018643477793,513.2065224048323
SmolLM_Trt,0,24,185.4319031953678,320.43636629407405,505.86826948944184
SmolLM_Trt,0,25,189.29751276718812,321.24330002740913,510.5408127945973
SmolLM_Trt,0,26,192.9511138195858,321.0477050319002,513.998818851486
SmolLM_Trt,0,27,179.64014049795497,323.042591038705,502.68273153665996
SmolLM_Trt,0,28,187.03997147063077,324.44472396118573,511.4846954318165
SmolLM_Trt,0,29,186.75458566941452,310.84112513971667,497.5957108091312
SmolLM_Trt,1,0,212.49558704057537,306.85039998140786,519.3459870219832
SmolLM_Trt,1,1,190.6109725243531,306.9667346340235,497.5777071583766
SmolLM_Trt,1,2,182.08842282140273,305.2447276366948,487.3331504580975
SmolLM_Trt,1,3,182.1866504053947,307.5870303670166,489.7736807724113
SmolLM_Trt,1,4,182.33602771244395,304.6711277652512,487.00715547769516
SmolLM_Trt,1,5,176.7662271823032,304.52404910675773,481.2902762890609
SmolLM_Trt,1,6,179.09760304374714,308.6912013849763,487.78880442872344
SmolLM_Trt,1,7,170.17995272238664,309.3536545666626,479.53360728904926
SmolLM_Trt,1,8,170.07679145090424,311.0999041957824,481.17669564668665
SmolLM_Trt,1,9,174.96133152584565,314.1507898287063,489.11212135455196
SmolLM_Trt,1,10,181.49499605705387,314.67793245137955,496.1729285084334
SmolLM_Trt,1,11,182.9682496257035,313.71496940893655,496.68321903464005
SmolLM_Trt,1,12,179.5830205762696,312.15129294542413,491.7343135216937
SmolLM_Trt,1,13,184.50618743859243,308.96783497133646,493.4740224099289
SmolLM_Trt,1,14,173.62213848658888,308.84000775583627,482.46214624242515
SmolLM_Trt,1,15,173.1549218276079,310.14769667047347,483.30261849808136
SmolLM_Trt,1,16,182.7456882453472,312.7548367181953,495.5005249635425
SmolLM_Trt,1,17,170.4308977796243,312.554895178431,482.9857929580553
SmolLM_Trt,1,18,166.54936773981237,308.2380434116626,474.787411151475
SmolLM_Trt,1,19,181.14839420391297,311.4678830754465,492.61627727935945
SmolLM_Trt,1,20,175.02259340760838,311.72747638161445,486.75006978922283
SmolLM_Trt,1,21,174.18778662628912,313.97631902143513,488.1641056477242
SmolLM_Trt,1,22,180.91685574154292,316.1440626666504,497.06091840819334
SmolLM_Trt,1,23,196.18825100903564,317.0198818193427,513.2081328283783
SmolLM_Trt,1,24,185.43249435020147,320.4374939048176,505.86998825501905
SmolLM_Trt,1,25,189.2979912523836,321.24430928811796,510.54230054050157
SmolLM_Trt,1,26,192.95159716275026,321.0487939939971,514.0003911567474
SmolLM_Trt,1,27,179.64105785696307,323.0437397822468,502.6847976392099
SmolLM_Trt,1,28,187.04097653802194,324.4457232631523,511.4866998011742
SmolLM_Trt,1,29,186.7556955472468,310.8422624248109,497.59795797205766
SmolLM_Trt,2,0,212.49518190195036,306.8501772037944,519.3453591057447
SmolLM_Trt,2,1,190.61080697675072,306.96647058351505,497.57727756026577
SmolLM_Trt,2,2,182.08827634106314,305.2444780929706,487.33275443403375
SmolLM_Trt,2,3,182.1865512410974,307.5868208225931,489.7733720636905
SmolLM_Trt,2,4,182.3359440274325,304.6709290365591,487.0068730639916
SmolLM_Trt,2,5,176.76615881537887,304.5239080053896,481.2900668207685
SmolLM_Trt,2,6,179.09749739797803,308.6910526977175,487.78855009569554
SmolLM_Trt,2,7,170.179891034458,309.35355039279085,479.5334414272488
SmolLM_Trt,2,8,170.07673044329508,311.0998414144967,481.1765718577918
SmolLM_Trt,2,9,174.96130989718128,314.1507152228051,489.11202511998636
SmolLM_Trt,2,10,181.49496377310308,314.67794796823625,496.17291174133936
SmolLM_Trt,2,11,182.9684024068005,313.71524023088995,496.68364263769047
SmolLM_Trt,2,12,179.5832809176741,312.15170277747166,491.73498369514573
SmolLM_Trt,2,13,184.5063984906333,308.96823006176544,493.4746285523987
SmolLM_Trt,2,14,173.62234519208639,308.8404251439973,482.46277033608374
SmolLM_Trt,2,15,173.1551410754511,310.1482067596877,483.30334783513877
SmolLM_Trt,2,16,182.74597948403166,312.75532069814574,495.5013001821774
SmolLM_Trt,2,17,170.4311370053533,312.55535134796526,482.9864883533186
SmolLM_Trt,2,18,166.54963965948147,308.238591511308,474.78823117078946
SmolLM_Trt,2,19,181.14875674514715,311.4683847319018,492.6171414770489
SmolLM_Trt,2,20,175.02280055150135,311.72812799176467,486.750928543266
SmolLM_Trt,2,21,174.18805573220462,313.9768260009407,488.1648817331453
SmolLM_Trt,2,22,180.917058160898,316.1445383691216,497.06159653001964
SmolLM_Trt,2,23,196.1883586513545,317.0203500467281,513.2087086980825
SmolLM_Trt,2,24,185.43255623044257,320.4379876142184,505.870543844661
SmolLM_Trt,2,25,189.2981066819195,321.2447591984965,510.542865880416
SmolLM_Trt,2,26,192.9517477327557,321.04928676334106,514.0010344960967
SmolLM_Trt,2,27,179.64129569001528,323.044205324519,502.6855010145343
SmolLM_Trt,2,28,187.04116841390996,324.4460663962502,511.4872348101602
SmolLM_Trt,2,29,186.75590503758175,310.84259544120556,497.5985004787873
SmolLM_Trt,3,0,212.49510162093296,306.8500944577824,519.3451960787154
SmolLM_Trt,3,1,190.61076310821304,306.96639423151845,497.57715733973146
SmolLM_Trt,3,2,182.08825287738225,305.2444333030498,487.332686180432
SmolLM_Trt,3,3,182.18652175980938,307.5867668490064,489.77328860881573
SmolLM_Trt,3,4,182.3359226040634,304.67084569868183,487.00676830274523
SmolLM_Trt,3,5,176.7660856144003,304.5238406615318,481.2899262759321
SmolLM_Trt,3,6,179.09741560766238,308.6909704451606,487.78838605282294
SmolLM_Trt,3,7,170.1798121312609,309.3534935706642,479.5333057019251
SmolLM_Trt,3,8,170.0766601050832,311.0997441034788,481.176404208562
SmolLM_Trt,3,9,174.96127291913595,314.1506623769477,489.11193529608363
SmolLM_Trt,3,10,181.49491534716614,314.6778796940611,496.17279504122723
SmolLM_Trt,3,11,182.9684944756969,313.7154270045147,496.6839214802116
SmolLM_Trt,3,12,179.58342230397062,312.152081324152,491.7355036281226
SmolLM_Trt,3,13,184.506569846188,308.96859038379614,493.4751602299841
SmolLM_Trt,3,14,173.62252799266142,308.8407603189304,482.4632883115918
SmolLM_Trt,3,15,173.15527008611014,310.1485468186978,483.30381690480795
SmolLM_Trt,3,16,182.74612176331198,312.75568914689626,495.50181091020823
SmolLM_Trt,3,17,170.43132394498562,312.55568253912776,482.9870064841134
SmolLM_Trt,3,18,166.54981629708797,308.23892417246725,474.78874046955525
SmolLM_Trt,3,19,181.14896833950988,311.46868886073446,492.61765720024437
SmolLM_Trt,3,20,175.0229825868413,311.7284475308598,486.7514301177011
SmolLM_Trt,3,21,174.188182576255,313.9770965970289,488.1652791732839
SmolLM_Trt,3,22,180.9171438516901,316.1447762200888,497.0619200717789
SmolLM_Trt,3,23,196.18843144988347,317.0205656775282,513.2089971274117
SmolLM_Trt,3,24,185.43256742154782,320.4382405638019,505.87080798534976
SmolLM_Trt,3,25,189.29812344821494,321.2450297524072,510.54315320062216
SmolLM_Trt,3,26,192.95182491565413,321.04958181622817,514.0014067318823
SmolLM_Trt,3,27,179.64138810505918,323.04442600341366,502.68581410847287
SmolLM_Trt,3,28,187.04112860294256,324.44628612163984,511.48741472458244
SmolLM_Trt,3,29,186.75601059970518,310.8427368159822,497.5987474156874
SmolLM_Trt,4,0,212.49507472893958,306.85011355301793,519.3451882819575
SmolLM_Trt,4,1,190.6107970502942,306.96640377551904,497.57720082581324
SmolLM_Trt,4,2,182.08822438576564,305.2444109080869,487.3326352938525
SmolLM_Trt,4,3,182.186515059516,307.5867160503278,489.77323110984383
SmolLM_Trt,4,4,182.33590586705455,304.6708040297347,487.0067098967893
SmolLM_Trt,4,5,176.76607870864606,304.52378293821323,481.2898616468593
SmolLM_Trt,4,6,179.09738084676692,308.6909388095559,487.78831965632287
SmolLM_Trt,4,7,170.1797755488571,309.3534525324552,479.5332280813123
SmolLM_Trt,4,8,170.07663354881197,311.09970329562356,481.1763368444355
SmolLM_Trt,4,9,174.96122128939922,314.15060953108144,489.1118308204807
SmolLM_Trt,4,10,181.49481782267057,314.6778052131259,496.1726230357965
SmolLM_Trt,4,11,182.96831500802264,313.71526824694075,496.6835832549634
SmolLM_Trt,4,12,179.58346852638957,312.15203126841897,491.73549979480856
SmolLM_Trt,4,13,184.50665916272678,308.96861250881943,493.47527167154624
SmolLM_Trt,4,14,173.62258142663933,308.840823559443,482.4634049860823
SmolLM_Trt,4,15,173.1553575031141,310.14856885954674,483.30392636266083
SmolLM_Trt,4,16,182.74616518184965,312.75576096312756,495.50192614497723
SmolLM_Trt,4,17,170.4313790957192,312.5557012857868,482.987080381506
SmolLM_Trt,4,18,166.549910112836,308.23895902266315,474.7888691354991
SmolLM_Trt,4,19,181.14904718193213,311.46870453747033,492.61775171940246
SmolLM_Trt,4,20,175.02299723335466,311.72845379632895,486.7514510296836
SmolLM_Trt,4,21,174.1882940027203,313.9771494720993,488.16544347481965
SmolLM_Trt,4,22,180.91719850485126,316.1448256436439,497.0620241484952
SmolLM_Trt,4,23,196.18848060443048,317.0206642515595,513.20914485599
SmolLM_Trt,4,24,185.43256939644866,320.4383838002245,505.8709531966732
SmolLM_Trt,4,25,189.29813956965148,321.2452091082449,510.5433486778964
SmolLM_Trt,4,26,192.95190842498488,321.04980994971794,514.0017183747028
SmolLM_Trt,4,27,179.641487315274,323.0445831992467,502.6860705145207
SmolLM_Trt,4,28,187.04110837113623,324.4464456481994,511.4875540193357
SmolLM_Trt,4,29,186.7560285746738,310.84278079923297,497.59880937390676
SmolLM_Trt,5,0,212.49513680671356,306.85010718793956,519.3452439946532
SmolLM_Trt,5,1,190.61079160675328,306.9664355888523,497.5772271956056
SmolLM_Trt,5,2,182.08827231871805,305.2444269044891,487.33269922320716
SmolLM_Trt,5,3,182.18653717048326,307.58674462458555,489.7732817950688
SmolLM_Trt,5,4,182.3358918079659,304.6708200562535,487.00671186421937
SmolLM_Trt,5,5,176.76607111231604,304.5237765245105,481.2898476368265
SmolLM_Trt,5,6,179.0973910705604,308.6909166646307,487.7883077351911
SmolLM_Trt,5,7,170.17979061220078,309.35342096459834,479.5332115767991
SmolLM_Trt,5,8,170.07665723413515,311.0996813221608,481.17633855629595
SmolLM_Trt,5,9,174.9612108239102,314.15058777101626,489.1117985949264
SmolLM_Trt,5,10,181.49483732757386,314.67777107602467,496.17260840359853
SmolLM_Trt,5,11,182.96833502301362,313.71529937588315,496.68363439889674
SmolLM_Trt,5,12,179.5834433759572,312.152081324152,491.7355247001092
SmolLM_Trt,5,13,184.5066452690458,308.9686441159928,493.4752893850386
SmolLM_Trt,5,14,173.62258142663933,308.84086466576923,482.46344609240856
SmolLM_Trt,5,15,173.15536737277304,310.1486318333921,483.30399920616514
SmolLM_Trt,5,16,182.74617787342024,312.75579843245913,495.50197630587934
SmolLM_Trt,5,17,170.4314235027904,312.55573565465886,482.98715915744924
SmolLM_Trt,5,18,166.5499489584037,308.2390097138501,474.7889586722538
SmolLM_Trt,5,19,181.14907952753134,311.4687139435115,492.61779347104283
SmolLM_Trt,5,20,175.0230335009063,311.7285070528119,486.7515405537182
SmolLM_Trt,5,21,174.18837038937545,313.9771805750778,488.16555096445325
SmolLM_Trt,5,22,180.9172187467586,316.14485035541855,497.06206910217713
SmolLM_Trt,5,23,196.18852167024514,317.02064576893093,513.2091674391761
SmolLM_Trt,5,24,185.43255623044257,320.4385057035125,505.87106193395505
SmolLM_Trt,5,25,189.2981827750946,321.2453641445663,510.5435469196609
SmolLM_Trt,5,26,192.95194891434434,321.04997116395293,514.0019200782973
SmolLM_Trt,5,27,179.6415335227526,323.04470714206104,502.6862406648137
SmolLM_Trt,5,28,187.04112338183145,324.44652992635014,511.4876533081816
SmolLM_Trt,5,29,186.7560684464162,310.8427713742512,497.5988398206674
SmolLM_CtrlA,0,0,212.4949531943209,306.8499862514255,519.3449394457464
SmolLM_CtrlA,0,1,190.61069234215654,306.9662415274683,497.57693386962484
SmolLM_CtrlA,0,2,182.08812952541004,305.24422854904236,487.3323580744524
SmolLM_CtrlA,0,3,182.1863890939544,307.58651920536926,489.77290829932366
SmolLM_CtrlA,0,4,182.3357726404092,304.6705700424641,487.0063426828733
SmolLM_CtrlA,0,5,176.76588120396,304.523484700893,481.28936590485296
SmolLM_CtrlA,0,6,179.0971688733172,308.69064776184103,487.78781663515826
SmolLM_CtrlA,0,7,170.1795079949588,309.35306424759233,479.53257224255117
SmolLM_CtrlA,0,8,170.07631272001842,311.09931091212655,481.17562363214495
SmolLM_CtrlA,0,9,174.96094081407676,314.15019608958545,489.1111369036622
SmolLM_CtrlA,0,10,181.4944317596703,314.67705729942406,496.17148905909437
SmolLM_CtrlA,0,11,182.96742834172528,313.714032425432,496.68146076715726
SmolLM_CtrlA,0,12,179.58255155294353,312.1504607657179,491.73301231866145
SmolLM_CtrlA,0,13,184.50592213458725,308.9670447889629,493.47296692355013
SmolLM_CtrlA,0,14,173.62181647549366,308.8392488668255,482.4610653423192
SmolLM_CtrlA,0,15,173.1545023655265,310.1468181815267,483.30132054705325
SmolLM_CtrlA,0,16,182.7452687539492,312.7540123893297,495.49928114327895
SmolLM_CtrlA,0,17,170.43043723333832,312.5540390776449,482.98447631098327
SmolLM_CtrlA,0,18,166.54893530600097,308.2368173123954,474.7857526183964
SmolLM_CtrlA,0,19,181.14761655725698,311.46639064271443,492.6140071999714
SmolLM_CtrlA,0,20,175.02197406682967,311.72596952792526,486.74794359475493
SmolLM_CtrlA,0,21,174.18706900848187,313.97504379329257,488.16211280177447
SmolLM_CtrlA,0,22,180.91624780738496,316.14278073759647,497.0590285449814
SmolLM_CtrlA,0,23,196.1878789270393,317.018643477793,513.2065224048323
SmolLM_CtrlA,0,24,185.4319031953678,320.43636629407405,505.86826948944184
SmolLM_CtrlA,0,25,189.29751276718812,321.24330002740913,510.5408127945973
SmolLM_CtrlA,0,26,192.9511138195858,321.0477050319002,513.998818851486
SmolLM_CtrlA,0,27,179.64014049795497,323.042591038705,502.68273153665996
SmolLM_CtrlA,0,28,187.03997147063077,324.44472396118573,511.4846954318165
SmolLM_CtrlA,0,29,186.75458566941452,310.84112513971667,497.5957108091312
SmolLM_CtrlA,1,0,212.4953181570066,306.8501676561787,519.3454858131853
SmolLM_CtrlA,1,1,190.6108396379912,306.96650239684135,497.57734203483255
SmolLM_CtrlA,1,2,182.08833466505686,305.2444812922504,487.3328159573073
SmolLM_CtrlA,1,3,182.18671807829634,307.58682717242624,489.7735452507226
SmolLM_CtrlA,1,4,182.3360665422762,304.67091621534865,487.0069827576249
SmolLM_CtrlA,1,5,176.7663473422879,304.52400100402593,481.29034834631386
SmolLM_CtrlA,1,6,179.09773118175764,308.69118873074433,487.78891991250197
SmolLM_CtrlA,1,7,170.18024251189163,309.35374611336937,479.53398862526103
SmolLM_CtrlA,1,8,170.07722998730975,311.09994186454776,481.1771718518575
SmolLM_CtrlA,1,9,174.96171456207213,314.1508146973361,489.11252925940823
SmolLM_CtrlA,1,10,181.4953000639755,314.67786417720106,496.17316424117655
SmolLM_CtrlA,1,11,182.9687012969619,313.71537097243896,496.6840722694009
SmolLM_CtrlA,1,12,179.5837390632501,312.15229093244693,491.73602999569704
SmolLM_CtrlA,1,13,184.50680670032204,308.96888116968995,493.475687870012
SmolLM_CtrlA,1,14,173.62282187933633,308.84106387327284,482.46388575260914
SmolLM_CtrlA,1,15,173.15563244340336,310.1486412794678,483.3042737228712
SmolLM_CtrlA,1,16,182.7462032565588,312.75570475912184,495.50190801568067
SmolLM_CtrlA,1,17,170.43144069262132,312.5557044102299,482.98714510285123
SmolLM_CtrlA,1,18,166.54982802405937,308.23869289379456,474.78852091785393
SmolLM_CtrlA,1,19,181.14868261967501,311.46830007743165,492.61698269710666
SmolLM_CtrlA,1,20,175.02297979702908,311.72793062921875,486.75091042624786
SmolLM_CtrlA,1,21,174.1880038732845,313.9768726554553,488.1648765287398
SmolLM_CtrlA,1,22,180.9170439915505,316.14453528014684,497.0615792716974
SmolLM_CtrlA,1,23,196.1885627360512,317.0202822770177,513.2088450130689
SmolLM_CtrlA,1,24,185.4326411511654,320.43800589973716,505.87064705090256
SmolLM_CtrlA,1,25,189.2981711676631,321.244914235035,510.5430854026981
SmolLM_CtrlA,1,26,192.95193373083555,321.0493719332745,514.0013056641101
SmolLM_CtrlA,1,27,179.6412114291985,323.04422950851483,502.68544093771334
SmolLM_CtrlA,1,28,187.04100460151446,324.4462229129814,511.4872275144959
SmolLM_CtrlA,1,29,186.75553900127366,310.84244149970897,497.59798050098266
SmolLM_CtrlA,2,0,212.4952290077926,306.85020266410123,519.3454316718938
SmolLM_CtrlA,2,1,190.6108377167419,306.9665278475,497.5773655642419
SmolLM_CtrlA,2,2,182.08832393880655,305.2445292814435,487.33285322025006
SmolLM_CtrlA,2,3,182.18670802786698,307.58683669717567,489.77354472504265
SmolLM_CtrlA,2,4,182.3360531526798,304.67091621534865,487.0069693680284
SmolLM_CtrlA,2,5,176.76634250826712,304.5240234519684,481.2903659602355
SmolLM_CtrlA,2,6,179.0977134605489,308.6911950578604,487.7889085184093
SmolLM_CtrlA,2,7,170.1802360561902,309.3537555837168,479.533991639907
SmolLM_CtrlA,2,8,170.07720271339278,311.10000150675023,481.17720422014304
SmolLM_CtrlA,2,9,174.96169781733659,314.150873760324,489.11257157766056
SmolLM_CtrlA,2,10,181.49534109141928,314.67798520868917,496.17332630010844
SmolLM_CtrlA,2,11,182.96878469256717,313.7153305048225,496.68411519738964
SmolLM_CtrlA,2,12,179.58371459259607,312.1522721615606,491.73598675415667
SmolLM_CtrlA,2,13,184.5068000842889,308.9688874911194,493.4756875754083
SmolLM_CtrlA,2,14,173.62280008393014,308.8410480631582,482.46384814708836
SmolLM_CtrlA,2,15,173.1556253936578,310.14863498208405,483.3042603757418
SmolLM_CtrlA,2,16,182.74619724476315,312.7556766571152,495.50187390187835
SmolLM_CtrlA,2,17,170.43141347538824,312.5556919124574,482.98710538784565
SmolLM_CtrlA,2,18,166.5497950419502,308.23869289379456,474.7884879357448
SmolLM_CtrlA,2,19,181.14865094787314,311.4682875360267,492.61693848389984
SmolLM_CtrlA,2,20,175.0229546887172,311.7279118327793,486.7508665214965
SmolLM_CtrlA,2,21,174.1879919597466,313.97690375846116,488.16489571820773
SmolLM_CtrlA,2,22,180.917029147471,316.1445569029696,497.0615860504406
SmolLM_CtrlA,2,23,196.18856646930587,317.02030384010897,513.2088703094148
SmolLM_CtrlA,2,24,185.43262271876375,320.43801504249615,505.8706377612599
SmolLM_CtrlA,2,25,189.2981524667997,321.24489903537767,510.5430515021774
SmolLM_CtrlA,2,26,192.9519229758494,321.0493749750574,514.0012979509067
SmolLM_CtrlA,2,27,179.641208711107,323.0442264855154,502.6854351966224
SmolLM_CtrlA,2,28,187.04103331764196,324.44621990304495,511.4872532206869
SmolLM_CtrlA,2,29,186.75553900127366,310.84238494975233,497.597923951026
SmolLM_CtrlA,3,0,212.49523123383062,306.8501294657133,519.3453606995439
SmolLM_CtrlA,3,1,190.61081658299852,306.9664642208494,497.5772808038479
SmolLM_CtrlA,3,2,182.08829913435028,305.2444397016103,487.3327388359606
SmolLM_CtrlA,3,3,182.18668859703533,307.5867922483425,489.7734808453778
SmolLM_CtrlA,3,4,182.3360591779983,304.6708873676233,487.00694654562164
SmolLM_CtrlA,3,5,176.7663300779273,304.5239561081361,481.2902861860634
SmolLM_CtrlA,3,6,179.09769642092343,308.6911381138111,487.7888345347345
SmolLM_CtrlA,3,7,170.1802403599912,309.3536861344956,479.53392649448676
SmolLM_CtrlA,3,8,170.0772263986367,311.0998759442054,481.1771023428421
SmolLM_CtrlA,3,9,174.9617089804938,314.1507463085994,489.1124552890932
SmolLM_CtrlA,3,10,181.4953000639755,314.67777107602467,496.17307114000016
SmolLM_CtrlA,3,11,182.96872064474573,313.7153491821846,496.68406982693034
SmolLM_CtrlA,3,12,179.58376897182274,312.15233785965785,491.7361068314806
SmolLM_CtrlA,3,13,184.50682721002326,308.9689475446926,493.47577475471587
SmolLM_CtrlA,3,14,173.6228570332115,308.84110814158953,482.46396517480105
SmolLM_CtrlA,3,15,173.15566557720362,310.1486916585334,483.30435723573703
SmolLM_CtrlA,3,16,182.7462286396938,312.7557422284601,495.50197086815393
SmolLM_CtrlA,3,17,170.43146576112164,312.55573565465886,482.98720141578053
SmolLM_CtrlA,3,18,166.54983608635172,308.2387214076129,474.7885574939646
SmolLM_CtrlA,3,19,181.14868666288336,311.46834083699423,492.6170274998776
SmolLM_CtrlA,3,20,175.02302582892486,311.7279807530517,486.7510065819766
SmolLM_CtrlA,3,21,174.1880269995616,313.97692864086366,488.16495564042526
SmolLM_CtrlA,3,22,180.917058160898,316.14457852579096,497.061636686689
SmolLM_CtrlA,3,23,196.1885764246513,317.0203223227574,513.2088987474087
SmolLM_CtrlA,3,24,185.4326576086653,320.4380485659436,505.87070617460887
SmolLM_CtrlA,3,25,189.29817568166433,321.2449628739336,510.5431385555979
SmolLM_CtrlA,3,26,192.95195587345214,321.0494327689273,514.0013886423794
SmolLM_CtrlA,3,27,179.64125355961184,323.0442627615061,502.6855163211179
SmolLM_CtrlA,3,28,187.04102940180664,324.4462439825356,511.4872733843422
SmolLM_CtrlA,3,29,186.75556449311122,310.84245720802846,497.5980217011397
SmolLM_CtrlA,4,0,212.49531248420232,306.850228124406,519.3455406086083
SmolLM_CtrlA,4,1,190.61085821006662,306.96652148483554,497.57737969490216
SmolLM_CtrlA,4,2,182.08833198349436,305.2445132850466,487.33284526854095
SmolLM_CtrlA,4,3,182.18670333766642,307.58683669717567,489.7735400348421
SmolLM_CtrlA,4,4,182.33606855071557,304.67094506307126,487.00701361378685
SmolLM_CtrlA,4,5,176.7663535574573,304.52403307251467,481.290386629972
SmolLM_CtrlA,4,6,179.09771618688882,308.69122036632336,487.7889365532122
SmolLM_CtrlA,4,7,170.18024681569244,309.3537871515395,479.53403396723195
SmolLM_CtrlA,4,8,170.0772328582481,311.1000391755038,481.17727203375193
SmolLM_CtrlA,4,9,174.96170060812594,314.1509514747648,489.1126520828907
SmolLM_CtrlA,4,10,181.49531486075955,314.6780224491377,496.17333730989725
SmolLM_CtrlA,4,11,182.96871864325095,313.7154176658361,496.6841363090871
SmolLM_CtrlA,4,12,179.5837825666268,312.15234724509924,491.7361298117261
SmolLM_CtrlA,4,13,184.50685301254734,308.9689696696903,493.47582268223766
SmolLM_CtrlA,4,14,173.62286125167603,308.84113976181186,482.46400101348786
SmolLM_CtrlA,4,15,173.1556733319219,310.14873259151807,483.30440592343996
SmolLM_CtrlA,4,16,182.74624133126002,312.75578906512663,495.50203039638666
SmolLM_CtrlA,4,17,170.43148581591922,312.5557637746423,482.98724959056153
SmolLM_CtrlA,4,18,166.5498500121285,308.23877526704035,474.78862527916885
SmolLM_CtrlA,4,19,181.1486940754318,311.4683910026024,492.61708507803417
SmolLM_CtrlA,4,20,175.0230244340191,311.72800268222613,486.75102711624527
SmolLM_CtrlA,4,21,174.18803540911614,313.97695352326417,488.1649889323803
SmolLM_CtrlA,4,22,180.91706760712904,316.1446155934812,497.0616832006102
SmolLM_CtrlA,4,23,196.18859260208657,317.0203562076101,513.2089488096967
SmolLM_CtrlA,4,24,185.43266682486464,320.43807294663037,505.870739771495
SmolLM_CtrlA,4,25,189.29820663481271,321.24499327324156,510.54319990805425
SmolLM_CtrlA,4,26,192.95196662843645,321.04945710318526,514.0014237316217
SmolLM_CtrlA,4,27,179.64125763674807,323.0443171754845,502.6855748122325
SmolLM_CtrlA,4,28,187.0410307070851,324.44629214151144,511.48732284859653
SmolLM_CtrlA,4,29,186.7555834485779,310.8424980496554,497.5980814982333
SmolLM_CtrlA,5,0,212.4952402815978,306.85019629902473,519.3454365806225
SmolLM_CtrlA,5,1,190.61082170633046,306.9665087595062,497.57733046583667
SmolLM_CtrlA,5,2,182.08829779356876,305.244516484326,487.3328142778948
SmolLM_CtrlA,5,3,182.18667988666186,307.5868176476765,489.7734975343384
SmolLM_CtrlA,5,4,182.3360518137201,304.67091942065133,487.00697123437146
SmolLM_CtrlA,5,5,176.766326625055,304.5240426930606,481.2903693181156
SmolLM_CtrlA,5,6,179.09771823164374,308.69120771209214,487.7889259437359
SmolLM_CtrlA,5,7,170.18024609839233,309.3537997786677,479.53404587706
SmolLM_CtrlA,5,8,170.07720989073977,311.100051731754,481.17726162249375
SmolLM_CtrlA,5,9,174.9617040966126,314.15098566911263,489.11268976572524
SmolLM_CtrlA,5,10,181.49525836394116,314.6781155502397,496.17337391418084
SmolLM_CtrlA,5,11,182.96861122966556,313.71548303658045,496.684094266246
SmolLM_CtrlA,5,12,179.58379752091014,312.15235975902056,491.7361572799307
SmolLM_CtrlA,5,13,184.50683911888098,308.9689823125454,493.47582143142637
SmolLM_CtrlA,5,14,173.62288867169306,308.8411239517011,482.4640126233942
SmolLM_CtrlA,5,15,173.1556775617681,310.14873259151807,483.3044101532862
SmolLM_CtrlA,5,16,182.746252018894,312.75577345290526,495.50202547179924
SmolLM_CtrlA,5,17,170.4314815184628,312.55577002352715,482.98725154198996
SmolLM_CtrlA,5,18,166.54985221093526,308.23875942603325,474.78861163696854
SmolLM_CtrlA,5,19,181.14870418345185,311.4683690551498,492.6170732386017
SmolLM_CtrlA,5,20,175.02302024930177,311.72800268222613,486.7510229315279
SmolLM_CtrlA,5,21,174.18804451946644,313.97692864086366,488.1649731603301
SmolLM_CtrlA,5,22,180.9170622092828,316.14458779271393,497.0616500019967
SmolLM_CtrlA,5,23,196.18859197987754,317.0203500467281,513.2089420266057
SmolLM_CtrlA,5,24,185.43264707586553,320.4380577087013,505.87070478456684
SmolLM_CtrlA,5,25,189.29819502738266,321.2449719937263,510.54316702110896
SmolLM_CtrlA,5,26,192.9519729548975,321.04943581070967,514.0014087656072
SmolLM_CtrlA,5,27,179.64125559817995,323.0442899684964,502.68554556667635
SmolLM_CtrlA,5,28,187.04103919139476,324.446283111704,511.4873223030988
SmolLM_CtrlA,5,29,186.75556481992962,310.8425263246247,497.59809114455436
SmolLM_CtrlB,0,0,212.4949531943209,306.8499862514255,519.3449394457464
SmolLM_CtrlB,0,1,190.61069234215654,306.9662415274683,497.57693386962484
SmolLM_CtrlB,0,2,182.08812952541004,305.24422854904236,487.3323580744524
SmolLM_CtrlB,0,3,182.1863890939544,307.58651920536926,489.77290829932366
SmolLM_CtrlB,0,4,182.3357726404092,304.6705700424641,487.0063426828733
SmolLM_CtrlB,0,5,176.76588120396,304.523484700893,481.28936590485296
SmolLM_CtrlB,0,6,179.0971688733172,308.69064776184103,487.78781663515826
SmolLM_CtrlB,0,7,170.1795079949588,309.35306424759233,479.53257224255117
SmolLM_CtrlB,0,8,170.07631272001842,311.09931091212655,481.17562363214495
SmolLM_CtrlB,0,9,174.96094081407676,314.15019608958545,489.1111369036622
SmolLM_CtrlB,0,10,181.4944317596703,314.67705729942406,496.17148905909437
SmolLM_CtrlB,0,11,182.96742834172528,313.714032425432,496.68146076715726
SmolLM_CtrlB,0,12,179.58255155294353,312.1504607657179,491.73301231866145
SmolLM_CtrlB,0,13,184.50592213458725,308.9670447889629,493.47296692355013
SmolLM_CtrlB,0,14,173.62181647549366,308.8392488668255,482.4610653423192
SmolLM_CtrlB,0,15,173.1545023655265,310.1468181815267,483.30132054705325
SmolLM_CtrlB,0,16,182.7452687539492,312.7540123893297,495.49928114327895
SmolLM_CtrlB,0,17,170.43043723333832,312.5540390776449,482.98447631098327
SmolLM_CtrlB,0,18,166.54893530600097,308.2368173123954,474.7857526183964
SmolLM_CtrlB,0,19,181.14761655725698,311.46639064271443,492.6140071999714
SmolLM_CtrlB,0,20,175.02197406682967,311.72596952792526,486.74794359475493
SmolLM_CtrlB,0,21,174.18706900848187,313.97504379329257,488.16211280177447
SmolLM_CtrlB,0,22,180.91624780738496,316.14278073759647,497.0590285449814
SmolLM_CtrlB,0,23,196.1878789270393,317.018643477793,513.2065224048323
SmolLM_CtrlB,0,24,185.4319031953678,320.43636629407405,505.86826948944184
SmolLM_CtrlB,0,25,189.29751276718812,321.24330002740913,510.5408127945973
SmolLM_CtrlB,0,26,192.9511138195858,321.0477050319002,513.998818851486
SmolLM_CtrlB,0,27,179.64014049795497,323.042591038705,502.68273153665996
SmolLM_CtrlB,0,28,187.03997147063077,324.44472396118573,511.4846954318165
SmolLM_CtrlB,0,29,186.75458566941452,310.84112513971667,497.5957108091312
SmolLM_CtrlB,1,0,212.4952890030994,306.85020266410123,519.3454916672006
SmolLM_CtrlB,1,1,190.61084316028152,306.9665310288322,497.5773741891137
SmolLM_CtrlB,1,2,182.0883246091972,305.2445292814435,487.33285389064065
SmolLM_CtrlB,1,3,182.18670266763777,307.58683034734275,489.77353301498056
SmolLM_CtrlB,1,4,182.336063864357,304.67091621534865,487.0069800797056
SmolLM_CtrlB,1,5,176.76633076850177,304.5240362793633,481.29036704786506
SmolLM_CtrlB,1,6,179.09771959481367,308.6912140392078,487.7889336340215
SmolLM_CtrlB,1,7,170.1802568578939,309.3537871515395,479.5340440094334
SmolLM_CtrlB,1,8,170.07723716465557,311.10003603644117,481.17727320109674
SmolLM_CtrlB,1,9,174.9617215390448,314.1509452576102,489.112666796655
SmolLM_CtrlB,1,10,181.49532629463732,314.67806589632204,496.17339219095936
SmolLM_CtrlB,1,11,182.96879002988462,313.71538031111896,496.68417034100355
SmolLM_CtrlB,1,12,179.5837363442887,312.15229093244693,491.7360272767356
SmolLM_CtrlB,1,13,184.5068146395615,308.9689190982646,493.4757337378261
SmolLM_CtrlB,1,14,173.62282187933633,308.8410670352957,482.463888914632
SmolLM_CtrlB,1,15,173.1556317384288,310.148653874235,483.30428561266376
SmolLM_CtrlB,1,16,182.74621461217228,312.75570475912184,495.5019193712941
SmolLM_CtrlB,1,17,170.43143567892082,312.55571065911596,482.9871463380368
SmolLM_CtrlB,1,18,166.54982216057377,308.23869923019885,474.78852139077264
SmolLM_CtrlB,1,19,181.14867183778563,311.4683063481339,492.61697818591955
SmolLM_CtrlB,1,20,175.02298956137162,311.72794316017774,486.75093272154936
SmolLM_CtrlB,1,21,174.18801368443275,313.97690375846116,488.1649174428939
SmolLM_CtrlB,1,22,180.9170460157431,316.14454763604573,497.0615936517888
SmolLM_CtrlB,1,23,196.18856149163298,317.02030075966746,513.2088622513004
SmolLM_CtrlB,1,24,185.4326510256655,320.4380394231855,505.870690448851
SmolLM_CtrlB,1,25,189.29818148538004,321.24492335482904,510.5431048402091
SmolLM_CtrlB,1,26,192.95194511846725,321.04940235110234,514.0013474695696
SmolLM_CtrlB,1,27,179.64121686538144,323.04422950851483,502.6854463738963
SmolLM_CtrlB,1,28,187.04102026485728,324.4462259229178,511.4872461877751
SmolLM_CtrlB,1,29,186.75554030854747,310.8424195080604,497.59795981660784
SmolLM_CtrlB,2,0,212.49519726879637,306.85013264825227,519.3453299170486
SmolLM_CtrlB,2,1,190.6108124202912,306.96645785818356,497.57727027847477
SmolLM_CtrlB,2,2,182.08829511200568,305.2444269044891,487.3327220164948
SmolLM_CtrlB,2,3,182.1866792166331,307.5867827235917,489.7734619402248
SmolLM_CtrlB,2,4,182.33604578840138,304.6708681358049,487.0069139242063
SmolLM_CtrlB,2,5,176.7663155758631,304.5239593149856,481.29027489084865
SmolLM_CtrlB,2,6,179.09770187360377,308.6911254595765,487.7888273331803
SmolLM_CtrlB,2,7,170.1802382080907,309.3537019184109,479.5339401265016
SmolLM_CtrlB,2,8,170.0772141971478,311.09988222233386,481.1770964194817
SmolLM_CtrlB,2,9,174.9616943288498,314.1507494171787,489.1124437460285
SmolLM_CtrlB,2,10,181.49530746236766,314.6778269367338,496.1731343991015
SmolLM_CtrlB,2,11,182.96874532984623,313.71533673061,496.6840820604562
SmolLM_CtrlB,2,12,179.58377033130319,312.15231908877433,491.7360894200775
SmolLM_CtrlB,2,13,184.506832502849,308.9689412232644,493.4757737261134
SmolLM_CtrlB,2,14,173.6228570332115,308.84110814158953,482.46396517480105
SmolLM_CtrlB,2,15,173.15565570756164,310.148688509842,483.3043442174036
SmolLM_CtrlB,2,16,182.74621862003568,312.75571724890176,495.50193586893744
SmolLM_CtrlB,2,17,170.43144857129326,312.5557262813305,482.98717485262375
SmolLM_CtrlB,2,18,166.54982802405937,308.2387214076129,474.78854943167227
SmolLM_CtrlB,2,19,181.1486698161813,311.46834397234494,492.61701378852626
SmolLM_CtrlB,2,20,175.0229944435427,311.7279494256571,486.7509438691998
SmolLM_CtrlB,2,21,174.18801158204388,313.97692864086366,488.16494022290755
SmolLM_CtrlB,2,22,180.91705546197477,316.14458779271393,497.0616432546887
SmolLM_CtrlB,2,23,196.1885770468604,317.0203130814333,513.2088901282937
SmolLM_CtrlB,2,24,185.43265497546543,320.4380607562872,505.8707157317526
SmolLM_CtrlB,2,25,189.2981821302373,321.2449355145541,510.5431176447914
SmolLM_CtrlB,2,26,192.95195713874446,321.04942668536256,514.001383824107
SmolLM_CtrlB,2,27,179.64122773774676,323.0442899684964,502.68551770624316
SmolLM_CtrlB,2,28,187.04103658083798,324.4462259229178,511.4872625037558
SmolLM_CtrlB,2,29,186.75553769399986,310.84238180808774,497.5979195020876
SmolLM_CtrlB,3,0,212.49521992412107,306.8501581085628,519.3453780326839
SmolLM_CtrlB,3,1,190.61081210008294,306.96647694618053,497.57728904626345
SmolLM_CtrlB,3,2,182.0882920952472,305.2444492994508,487.332741394698
SmolLM_CtrlB,3,3,182.18667452643183,307.5867827235917,489.7734572500235
SmolLM_CtrlB,3,4,182.33603306828337,304.6708777517142,487.0069108199976
SmolLM_CtrlB,3,5,176.76631281356504,304.5239689355339,481.29028174909894
SmolLM_CtrlB,3,6,179.0976889234877,308.6911507680452,487.78883969153287
SmolLM_CtrlB,3,7,170.18022099288595,309.35373348623904,479.533954479125
SmolLM_CtrlB,3,8,170.07722137449431,311.0999512817384,481.17717265623276
SmolLM_CtrlB,3,9,174.96169711963924,314.15087065174595,489.1125677713852
SmolLM_CtrlB,3,10,181.49529468332642,314.67798520868917,496.17327989201556
SmolLM_CtrlB,3,11,182.96873131938418,313.7154301174075,496.68416143679167
SmolLM_CtrlB,3,12,179.58376149468003,312.15230657485137,491.73606806953137
SmolLM_CtrlB,3,13,184.50681860918107,308.96890961612144,493.47572822530253
SmolLM_CtrlB,3,14,173.6228373470423,308.8410954934997,482.46393284054204
SmolLM_CtrlB,3,15,173.15565782248498,310.14867591507624,483.30433373756125
SmolLM_CtrlB,3,16,182.746216616104,312.7557297386812,495.5019463547852
SmolLM_CtrlB,3,17,170.43145430123624,312.5557262813305,482.9871805825668
SmolLM_CtrlB,3,18,166.54981703002372,308.23871507120907,474.7885321012328
SmolLM_CtrlB,3,19,181.1486765548623,311.46833143094176,492.6170079858041
SmolLM_CtrlB,3,20,175.02301118241388,311.727940027438,486.7509512098519
SmolLM_CtrlB,3,21,174.18800737726608,313.9768975378603,488.1649049151264
SmolLM_CtrlB,3,22,180.91704669047394,316.14457234784214,497.06161903831605
SmolLM_CtrlB,3,23,196.18856522488767,317.02028843790106,513.2088536627887
SmolLM_CtrlB,3,24,185.43265695036533,320.43802113766867,505.87067808803397
SmolLM_CtrlB,3,25,189.29817697137895,321.2449172749664,510.54309424634533
SmolLM_CtrlB,3,26,192.95195397551367,321.04941147645013,514.0013654519638
SmolLM_CtrlB,3,27,179.64121822442712,323.0442355545135,502.6854537789406
SmolLM_CtrlB,3,28,187.04101895957876,324.4462289328541,511.4872478924329
SmolLM_CtrlB,3,29,186.75554226945818,310.84246663301974,497.5980089024779
SmolLM_CtrlB,4,0,212.4953497882733,306.85023130694395,519.3455810952173
SmolLM_CtrlB,4,1,190.6108546877766,306.96655329815655,497.5774079859332
SmolLM_CtrlB,4,2,182.08834673208773,305.2445484771186,487.3328952092063
SmolLM_CtrlB,4,3,182.18673482901067,307.5868525717574,489.77358740076806
SmolLM_CtrlB,4,4,182.33609265198635,304.67094506307126,487.0070377150576
SmolLM_CtrlB,4,5,176.76635079515984,304.5240362793633,481.29038707452315
SmolLM_CtrlB,4,6,179.09772027639863,308.6912172027656,487.78893747916425
SmolLM_CtrlB,4,7,170.18025327139347,309.3537808379752,479.5340341093687
SmolLM_CtrlB,4,8,170.07722568090207,311.10002661925313,481.1772523001552
SmolLM_CtrlB,4,9,174.96172084134753,314.1508955203693,489.11261636171685
SmolLM_CtrlB,4,10,181.49531082527312,314.67800072554326,496.1733115508164
SmolLM_CtrlB,4,11,182.96872197907555,313.71537097243896,496.6840929515145
SmolLM_CtrlB,4,12,179.58374382143245,312.15230657485137,491.7360503962838
SmolLM_CtrlB,4,13,184.5068146395615,308.9689064554069,493.47572109496843
SmolLM_CtrlB,4,14,173.62282891011193,308.8410670352957,482.4638959454076
SmolLM_CtrlB,4,15,173.15564442797015,310.14865072554323,483.3042951535134
SmolLM_CtrlB,4,16,182.746216616104,312.75571724890176,495.50193386500575
SmolLM_CtrlB,4,17,170.4314299489772,312.5557262813305,482.98715623030773
SmolLM_CtrlB,4,18,166.54981409828073,308.23870239840096,474.7885164966817
SmolLM_CtrlB,4,19,181.14866779457694,311.4683126188361,492.616980413413
SmolLM_CtrlB,4,20,175.02299514099568,311.7279462929174,486.7509414339131
SmolLM_CtrlB,4,21,174.18801298363644,313.9768975378603,488.1649105214967
SmolLM_CtrlB,4,22,180.91704871466646,316.144553813995,497.06160252866147
SmolLM_CtrlB,4,23,196.18856646930587,317.0203100009919,513.2088764702978
SmolLM_CtrlB,4,24,185.43263654306514,320.43803637559944,505.8706729186646
SmolLM_CtrlB,4,25,189.2981743919497,321.24492335482904,510.5430977467787
SmolLM_CtrlB,4,26,192.9519590366829,321.04940235110234,514.0013613877852
SmolLM_CtrlB,4,27,179.64122773774676,323.0442385775128,502.68546631525953
SmolLM_CtrlB,4,28,187.0410280965282,324.4462349527268,511.48726304925503
SmolLM_CtrlB,4,29,186.7555275626275,310.84242579138873,497.5979533540162
SmolLM_CtrlB,5,0,212.4952858076586,306.8501612911015,519.3454470987601
SmolLM_CtrlB,5,1,190.6108220265387,306.96647694618053,497.57729897271923
SmolLM_CtrlB,5,2,182.08829779356876,305.24444610017065,487.3327438937394
SmolLM_CtrlB,5,3,182.18667854660436,307.5867827235917,489.77346127019604
SmolLM_CtrlB,5,4,182.3360411020422,304.670871341108,487.0069124431502
SmolLM_CtrlB,5,5,176.76632110045912,304.52398817662953,481.2903092770887
SmolLM_CtrlB,5,6,179.09771823164374,308.69117291295356,487.7888911445973
SmolLM_CtrlB,5,7,170.18025183679325,309.3537429565868,479.5339947933801
SmolLM_CtrlB,5,8,170.07723931785927,311.09992930829316,481.1771686261524
SmolLM_CtrlB,5,9,174.9617152597694,314.15080226302143,489.1125175227908
SmolLM_CtrlB,5,10,181.49534647206696,314.67786417720106,496.173210649268
SmolLM_CtrlB,5,11,182.9687700149434,313.71535229507816,496.68412231002156
SmolLM_CtrlB,5,12,179.58374110247112,312.1523003178897,491.73604142036083
SmolLM_CtrlB,5,13,184.5068338260554,308.96890961612144,493.47574344217685
SmolLM_CtrlB,5,14,173.62283031626703,308.8410796833867,482.4639099996537
SmolLM_CtrlB,5,15,173.15565218268938,310.148653874235,483.30430605692436
SmolLM_CtrlB,5,16,182.74620860037697,312.75572349379155,495.5019320941685
SmolLM_CtrlB,5,17,170.4314464225646,312.55572003244475,482.98716645500934
SmolLM_CtrlB,5,18,166.54981629708797,308.2387277440166,474.7885440411046
SmolLM_CtrlB,5,19,181.14867588099423,311.46832202488906,492.6169979058833
SmolLM_CtrlB,5,20,175.02299653590168,311.7279494256571,486.7509459615587
SmolLM_CtrlB,5,21,174.18801438522902,313.9768944275597,488.1649088127888
SmolLM_CtrlB,5,22,180.9170493893973,316.1445661698932,497.06161555929054
SmolLM_CtrlB,5,23,196.18856646930587,317.0203100009919,513.2088764702978
SmolLM_CtrlB,5,24,185.43265431716543,320.43804247077156,505.870696787937
SmolLM_CtrlB,5,25,189.2981885788101,321.24492943469164,510.5431180135017
SmolLM_CtrlB,5,26,192.9519413225901,321.0493932257543,514.0013345483444
SmolLM_CtrlB,5,27,179.6412155063357,323.0442446235113,502.685460129847
SmolLM_CtrlB,5,28,187.04103201236353,324.44624097259936,511.4872729849629
SmolLM_CtrlB,5,29,186.7555350794522,310.84239123308134,497.59792631253356
GPT2,0,0,318.73431793531034,216.83904601109091,535.5733639464013
GPT2,0,1,242.4318233335792,200.78919488172167,443.2210182153009
GPT2,0,2,256.04617513024505,205.24455687057818,461.29073200082325
GPT2,0,3,244.21740142781852,199.16828037177507,443.3856817995936
GPT2,0,4,250.16144298950977,199.30248485342574,449.4639278429355
GPT2,0,5,237.79369689955251,194.72855706726736,432.5222539668199
GPT2,0,6,251.5553123973185,194.13184147635337,445.68715387367183
GPT2,0,7,265.2450195765347,194.26166309902734,459.50668267556205
GPT2,0,8,283.894210669331,195.5289300845274,479.42314075385843
GPT2,0,9,310.7301947127926,196.0685068413589,506.7987015541515
GPT2,0,10,340.5117615672401,196.1294016395808,536.6411632068209
GPT2,0,11,376.0678909369291,199.7070217374692,575.7749126743983
GPT2,1,0,318.2045516939536,216.59432486217176,534.7988765561254
GPT2,1,1,242.01980484559522,200.5146698186943,442.5344746642895
GPT2,1,2,255.65614399979466,204.93562251351034,460.591766513305
GPT2,1,3,243.85727407068975,198.89902039100141,442.75629446169114
GPT2,1,4,249.79813138875258,199.03750824279328,448.83563963154586
GPT2,1,5,237.4253552517217,194.47297570935146,431.89833096107316
GPT2,1,6,251.17168886073975,193.8857085211543,445.057397381894
GPT2,1,7,264.8421874953908,194.01372172800046,458.8559092233913
GPT2,1,8,283.46845717105367,195.2742062459863,478.74266341704
GPT2,1,9,310.2469766547895,195.8089191341906,506.0558957889801
GPT2,1,10,339.91897586961807,195.87297581915175,535.7919516887698
GPT2,1,11,375.4560248051694,199.2091688872528,574.6651936924222
GPT2,2,0,318.1889823919505,216.59791377111645,534.786896163067
GPT2,2,1,242.02472352401315,200.50837731875444,442.53310084276757
GPT2,2,2,255.6564839642616,204.93343050244388,460.5899144667055
GPT2,2,3,243.85766452353923,198.88906298487103,442.74672750841023
GPT2,2,4,249.7901932122236,199.0286568562427,448.8188500684663
GPT2,2,5,237.42614702885768,194.46730123596615,431.89344826482386
GPT2,2,6,251.1724616050693,193.87702489271388,445.04948649778316
GPT2,2,7,264.8452728569787,194.0088895353767,458.8541623923554
GPT2,2,8,283.4678611770874,195.27070552824867,478.7385667053361
GPT2,2,9,310.2517941628219,195.80702394194137,506.0588181047633
GPT2,2,10,339.93569158601525,195.8729459049922,535.8086374910074
GPT2,2,11,375.43185810227266,199.1905886958518,574.6224467981244
GPT2,3,0,318.1836420655924,216.58031131661068,534.763953382203
GPT2,3,1,242.03841379004285,200.50130532617487,442.5397191162177
GPT2,3,2,255.65383490333417,204.9269496369377,460.5807845402719
GPT2,3,3,243.85567520980777,198.88437870720264,442.7400539170104
GPT2,3,4,249.78952370414527,199.02081588680616,448.81033959095146
GPT2,3,5,237.4268061556024,194.45742826194632,431.8842344175487
GPT2,3,6,251.16917232216218,193.86591290760737,445.03508522976955
GPT2,3,7,264.8497860669091,194.0012785879258,458.8510646548349
GPT2,3,8,283.4699781557564,195.2647641665029,478.7347423222593
GPT2,3,9,310.25358202001473,195.80545790082053,506.0590399208353
GPT2,3,10,339.945112757192,195.8716197059952,535.8167324631872
GPT2,3,11,375.42287875224787,199.2105513018826,574.6334300541305
GPT2,4,0,318.1844814848966,216.56868678031458,534.7531682652111
GPT2,4,1,242.0456933634252,200.49723345971634,442.54292682314156
GPT2,4,2,255.6497762671987,204.92361381744175,460.57339008464044
GPT2,4,3,243.85365284101496,198.88118705020844,442.7348398912234
GPT2,4,4,249.78818761477694,199.0140247099435,448.8022123247205
GPT2,4,5,237.4274107819588,194.4494230513426,431.87683383330136
GPT2,4,6,251.17086945755173,193.8600896909934,445.0309591485451
GPT2,4,7,264.849291977414,193.99678839158653,458.84608036900056
GPT2,4,8,283.4673943716896,195.25976288011825,478.72715725180785
GPT2,4,9,310.25564213493766,195.80063002643786,506.05627216137555
GPT2,4,10,339.95062830872956,195.8703433556239,535.8209716643535
GPT2,4,11,375.428567606409,199.23366855905655,574.6622361654655
GPT2,5,0,318.1947983350765,216.55980337426428,534.7546017093407
GPT2,5,1,242.04986310772568,200.49231398921506,442.54217709694075
GPT2,5,2,255.64892728786776,204.92139308464112,460.5703203725089
GPT2,5,3,243.84912247381575,198.87743556019623,442.726558034012
GPT2,5,4,249.78788462350911,199.00900968926004,448.79689431276915
GPT2,5,5,237.42758147551538,194.4434967734843,431.87107824899965
GPT2,5,6,251.16844622465268,193.8565533616287,445.0249995862814
GPT2,5,7,264.84891219157856,193.99024419735647,458.83915638893507
GPT2,5,8,283.46586648296386,195.25324101023267,478.71910749319653
GPT2,5,9,310.2535033293339,195.79543294597042,506.0489362753043
GPT2,5,10,339.9547720952193,195.8659857530143,535.8207578482336
GPT2,5,11,375.4306511569414,199.25798878275873,574.6886399397001
Llama,0,0,93.50820230011858,129.20718849426973,222.71539079438833
Llama,0,1,76.98082325916113,130.74060935147025,207.72143261063138
Llama,0,2,75.3871305456329,129.62793059609106,205.01506114172395
Llama,0,3,76.01586999334235,132.20570205649224,208.2215720498346
Llama,0,4,74.31707087416342,133.91543689314258,208.232507767306
Llama,0,5,71.88267452233796,130.16633551861153,202.0490100409495
Llama,0,6,71.48700846839755,127.7122696851207,199.19927815351826
Llama,0,7,74.42693007186226,127.73699060777676,202.16392067963903
Llama,0,8,73.0880448820975,127.25852592999418,200.34657081209167
Llama,0,9,79.76930084576318,131.8492884443494,211.6185892901126
Llama,0,10,73.14197759227186,132.61750022974908,205.75947782202093
Llama,0,11,76.02852165698528,134.9599875599709,210.98850921695617
Llama,0,12,75.57993132629262,136.72675690839557,212.30668823468818
Llama,0,13,75.22994271568908,137.56247515333715,212.79241786902622
Llama,0,14,78.95932466258735,138.80785322591623,217.76717788850357
Llama,0,15,75.43748988646888,146.0506871694079,221.48817705587678
Llama,1,0,93.51161174783186,129.21457633828024,222.7261880861121
Llama,1,1,76.98649032780469,130.74750535383075,207.73399568163543
Llama,1,2,75.39353742755306,129.6348631885198,205.02840061607287
Llama,1,3,76.0213739555903,132.21380316023644,208.23517711582673
Llama,1,4,74.32370416285966,133.9250752519856,208.24877941484525
Llama,1,5,71.89045063636891,130.17754740221622,202.06799803858513
Llama,1,6,71.49488342757992,127.7240334116391,199.21891683921902
Llama,1,7,74.4337390939279,127.74819019327143,202.18192928719932
Llama,1,8,73.09542953042485,127.26962182950415,200.365051359929
Llama,1,9,79.77616524845028,131.8586297600104,211.63479500846069
Llama,1,10,73.15062724931191,132.62628305517444,205.77691030448636
Llama,1,11,76.03837660548044,134.9678057677089,211.00618237318935
Llama,1,12,75.58666948934969,136.73415091828284,212.32082040763254
Llama,1,13,75.23650170605252,137.57015610793826,212.8066578139908
Llama,1,14,78.96621367921873,138.81484091621383,217.78105459543255
Llama,1,15,75.44579769538247,146.05655943738884,221.5023571327713
Llama,2,0,93.51213908825073,129.2146708092535,222.72680989750424
Llama,2,1,76.98602465346136,130.74719912152995,207.7332237749913
Llama,2,2,75.3944968443914,129.63411175183597,205.02860859622737
Llama,2,3,76.0217400626834,132.21292050195493,208.23466056463832
Llama,2,4,74.32389878869611,133.92397600002866,208.24787478872477
Llama,2,5,71.89157120451539,130.17589137514096,202.06746257965636
Llama,2,6,71.49552594038447,127.72329175922651,199.21881769961098
Llama,2,7,74.4342557903187,127.74764170401542,202.18189749433412
Llama,2,8,73.09639145154365,127.26915568306899,200.36554713461265
Llama,2,9,79.77729402051283,131.8580150495695,211.63530907008231
Llama,2,10,73.15182801137816,132.62534423553348,205.77717224691162
Llama,2,11,76.03953116427414,134.96705146245415,211.0065826267283
Llama,2,12,75.5872547123599,136.7333295797654,212.32058429212532
Llama,2,13,75.23750277441742,137.56904338992385,212.80654616434128
Llama,2,14,78.96651937144391,138.81374872806188,217.7802680995058
Llama,2,15,75.44600944912114,146.05577547903147,221.5017849281526
Llama,3,0,93.5130876163438,129.21527542184688,222.72836303819068
Llama,3,1,76.9888657285389,130.74785826699514,207.73672399553402
Llama,3,2,75.39599742030046,129.6345147785689,205.03051219886936
Llama,3,3,76.02279220932847,132.21352063636496,208.23631284569342
Llama,3,4,74.32601746736195,133.9249403525628,208.25095781992474
Llama,3,5,71.89363825087214,130.17637336933976,202.07001162021191
Llama,3,6,71.4967659172154,127.72350011046812,199.22026602768352
Llama,3,7,74.43581006031934,127.74803157118508,202.18384163150444
Llama,3,8,73.0978811726687,127.2694664475488,200.36734762021752
Llama,3,9,79.77862895958964,131.85819279746138,211.63682175705102
Llama,3,10,73.15378706874989,132.62626832864314,205.78005539739303
Llama,3,11,76.040597211729,134.9671871291778,211.0077843409068
Llama,3,12,75.58835862966697,136.7336331184879,212.32199174815486
Llama,3,13,75.23899867347198,137.56922085751503,212.808219530987
Llama,3,14,78.967214227498,138.81398440223882,217.78119862973682
Llama,3,15,75.44702836663264,146.05575542034026,221.50278378697288
Llama,4,0,93.50943684001741,129.2104327734413,222.71986961345874
Llama,4,1,76.98376164812368,130.74389214044092,207.7276537885646
Llama,4,2,75.39105347190419,129.6312038956574,205.02225736756156
Llama,4,3,76.01946982905643,132.2098883966088,208.22935822566524
Llama,4,4,74.32099217946461,133.9204393736492,208.2414315531138
Llama,4,5,71.88809302451395,130.17231480990398,202.06040783441793
Llama,4,6,71.49240989679647,127.71931390565504,199.2117238024515
Llama,4,7,74.43187932622808,127.74426853887124,202.17614786509932
Llama,4,8,73.09398787754553,127.26595016072642,200.35993803827193
Llama,4,9,79.77508533058396,131.85568949257555,211.63077482315953
Llama,4,10,73.14890434607514,132.6235236428195,205.77242798889463
Llama,4,11,76.0368042221231,134.9652244706252,211.0020286927483
Llama,4,12,75.58513696685249,136.73151368992262,212.3166506567751
Llama,4,13,75.23494450719028,137.56707703369202,212.8020215408823
Llama,4,14,78.96429911465034,138.81191432508143,217.77621343973178
Llama,4,15,75.44382716385023,146.05438975130122,221.49821691515143
Llama,5,0,93.51504530189216,129.21816051860705,222.73320582049922
Llama,5,1,76.98858622388413,130.7514116200089,207.73999784389304
Llama,5,2,75.39655639717728,129.63892539111276,205.03548178829004
Llama,5,3,76.02409251962575,132.2165840492646,208.24067656889036
Llama,5,4,74.32449867651732,133.92747242852658,208.2519711050439
Llama,5,5,71.89304768742339,130.1798110427458,202.07285873016917
Llama,5,6,71.49605864218802,127.7268260384002,199.2228846805882
Llama,5,7,74.43537742221305,127.75220154658784,202.1875789688009
Llama,5,8,73.0976997733732,127.27291166217873,200.37061143555192
Llama,5,9,79.77790636048128,131.86268085232643,211.6405872128077
Llama,5,10,73.15300914653055,132.63027388489118,205.78328303142172
Llama,5,11,76.040260191848,134.97118833176026,211.01144852360827
Llama,5,12,75.58854565913596,136.73635958021552,212.3249052393515
Llama,5,13,75.23754211921482,137.5713220563928,212.80886417560762
Llama,5,14,78.9665332840834,138.81446278441234,217.78099606849574
Llama,5,15,75.44705748991619,146.05600281067277,221.50306030058897
Qwen2.5,0,0,67.87892578602407,73.44399821648763,141.32292400251168
Qwen2.5,0,1,32.72666061652568,71.21582068076148,103.94248129728716
Qwen2.5,0,2,30.15213381489963,72.1311332964137,102.28326711131332
Qwen2.5,0,3,28.09724175433703,71.02598934270029,99.12323109703732
Qwen2.5,0,4,28.756135103509802,71.74313991595294,100.49927501946274
Qwen2.5,0,5,28.15181840406702,72.46880390252416,100.62062230659117
Qwen2.5,0,6,28.56440351224324,71.8883420021655,100.45274551440875
Qwen2.5,0,7,28.816293528758962,71.56588505230906,100.38217858106802
Qwen2.5,0,8,30.802000845285978,72.23180205102918,103.03380289631515
Qwen2.5,0,9,27.739481951683125,70.32290981968687,98.06239177136999
Qwen2.5,0,10,27.870681359729375,70.62846541553289,98.49914677526226
Qwen2.5,0,11,26.63520080295932,68.62925565271208,95.2644564556714
Qwen2.5,0,12,27.532195716921546,70.4876550999136,98.01985081683515
Qwen2.5,0,13,27.594874945549183,70.40549232559471,98.00036727114389
Qwen2.5,0,14,27.50368752465046,71.1369322839102,98.64061980856066
Qwen2.5,0,15,27.324317243724376,72.32337979276437,99.64769703648875
Qwen2.5,0,16,30.422320456199543,72.07022061308506,102.4925410692846
Qwen2.5,0,17,28.33897304130636,72.35964576309739,100.69861880440375
Qwen2.5,0,18,28.615290898389674,72.72928117232942,101.3445720707191
Qwen2.5,0,19,27.941935210658734,73.86426364189502,101.80619885255376
Qwen2.5,0,20,29.65068646773313,74.4863711186273,104.13705758636044
Qwen2.5,0,21,30.423923731052035,75.20566527758231,105.62958900863435
Qwen2.5,0,22,29.831815784011393,74.72387402050842,104.55568980451982
Qwen2.5,0,23,29.397540465777265,72.20727796566588,101.60481843144315
Qwen2.5,1,0,67.73950321623536,73.88935787399461,141.62886109022998
Qwen2.5,1,1,32.85883987143389,71.48680409124252,104.3456439626764
Qwen2.5,1,2,30.319720731571365,72.39974125768467,102.71946198925603
Qwen2.5,1,3,28.263994244736605,71.30594106696378,99.56993531170039
Qwen2.5,1,4,28.907512641342475,72.02708942702131,100.93460206836379
Qwen2.5,1,5,28.318895438685235,72.75586333357651,101.07475877226175
Qwen2.5,1,6,28.74543364376405,72.18526782263123,100.93070146639528
Qwen2.5,1,7,29.036264567505576,71.90895936877406,100.94522393627963
Qwen2.5,1,8,31.01382076675246,72.58793327158878,103.60175403834124
Qwen2.5,1,9,27.904457709670705,70.72169818202897,98.62615589169968
Qwen2.5,1,10,28.021657946245732,70.98394765857498,99.00560560482072
Qwen2.5,1,11,26.736687957573835,69.03313059768612,95.76981855525996
Qwen2.5,1,12,27.700871599166614,70.86595545519812,98.56682705436474
Qwen2.5,1,13,27.77614262494153,70.8357733571772,98.61191598211873
Qwen2.5,1,14,27.69932045498974,71.5322133303962,99.23153378538595
Qwen2.5,1,15,27.47954554630401,72.76290726618973,100.24245281249374
Qwen2.5,1,16,30.573597272134847,72.51750445339688,103.09110172553173
Qwen2.5,1,17,28.54408769201057,72.73487681083608,101.27896450284666
Qwen2.5,1,18,28.859351868096102,73.09512443930085,101.95447630739694
Qwen2.5,1,19,28.13456882035905,74.25419137343991,102.38876019379896
Qwen2.5,1,20,29.82907149350363,74.90803362107808,104.73710511458171
Qwen2.5,1,21,30.62113604400941,75.60608056859787,106.2272166126073
Qwen2.5,1,22,29.9768927274862,75.10725485227984,105.08414757976604
Qwen2.5,1,23,29.542337715766543,72.59374915922298,102.13608687498953
Qwen2.5,2,0,67.70453191405096,73.69139123790598,141.39592315195694
Qwen2.5,2,1,32.8036515575854,71.29145501122268,104.09510656880808
Qwen2.5,2,2,30.26244486032069,72.20650537829201,102.4689502386127
Qwen2.5,2,3,28.22217445252682,71.11628935291917,99.33846380544598
Qwen2.5,2,4,28.853413691605635,71.85924504635999,100.71265873796563
Qwen2.5,2,5,28.284744299733706,72.58653661562565,100.87128091535935
Qwen2.5,2,6,28.70906748799538,72.03418683004358,100.74325431803896
Qwen2.5,2,7,29.016561448901403,71.7699461536543,100.7865076025557
Qwen2.5,2,8,30.994493426118442,72.45659816858685,103.45109159470529
Qwen2.5,2,9,27.917673812083287,70.58215047602555,98.49982428810884
Qwen2.5,2,10,28.03471198333897,70.85270348279106,98.88741546613002
Qwen2.5,2,11,26.749991158457213,68.89924939636725,95.64924055482447
Qwen2.5,2,12,27.701864541990368,70.74739549783132,98.4492600398217
Qwen2.5,2,13,27.78736643619673,70.7177548745164,98.50512131071314
Qwen2.5,2,14,27.72453590052786,71.42474117799622,99.14927707852408
Qwen2.5,2,15,27.48279393925442,72.638952914182,100.12174685343642
Qwen2.5,2,16,30.579219683514435,72.40449157607989,102.98371125959433
Qwen2.5,2,17,28.556199662315937,72.61310210737625,101.16930176969218
Qwen2.5,2,18,28.877139057674153,72.9708946419307,101.84803369960485
Qwen2.5,2,19,28.140829082386535,74.13718297463198,102.27801205701851
Qwen2.5,2,20,29.828739629520758,74.7908321861815,104.61957181570226
Qwen2.5,2,21,30.60874488886918,75.4736670240853,106.08241191295448
Qwen2.5,2,22,29.97574315108329,74.96128232398543,104.93702547506872
Qwen2.5,2,23,29.51641686317833,72.46362655050851,101.98004341368684
Qwen2.5,3,0,67.70616447691937,73.70358543422006,141.40974991113944
Qwen2.5,3,1,32.795656542341284,71.30128619517279,104.09694273751407
Qwen2.5,3,2,30.2624219500273,72.19260584621661,102.45502779624391
Qwen2.5,3,3,28.2083984855076,71.0935430972264,99.301941582734
Qwen2.5,3,4,28.84514841841299,71.83918859894429,100.68433701735728
Qwen2.5,3,5,28.26642266324131,72.56426973509414,100.83069239833546
Qwen2.5,3,6,28.693784436782916,72.00715008307118,100.7009345198541
Qwen2.5,3,7,28.998022801313507,71.74114403915563,100.73916684046914
Qwen2.5,3,8,30.98268616075501,72.42002424819654,103.40271040895155
Qwen2.5,3,9,27.9129587548324,70.55748034210521,98.47043909693761
Qwen2.5,3,10,28.022445946181083,70.82610161460163,98.8485475607827
Qwen2.5,3,11,26.752916836583196,68.8737965667323,95.62671340331549
Qwen2.5,3,12,27.691723365813655,70.71818123528463,98.40990460109829
Qwen2.5,3,13,27.774461292223872,70.68331214108727,98.45777343331115
Qwen2.5,3,14,27.71609178116255,71.38467603524057,99.10076781640312
Qwen2.5,3,15,27.482312288242706,72.5956375198542,100.0779498080969
Qwen2.5,3,16,30.587134545141968,72.37124207644567,102.95837662158763
Qwen2.5,3,17,28.552999706980803,72.5769737193403,101.1299734263211
Qwen2.5,3,18,28.861822052432505,72.92741150371931,101.78923355615181
Qwen2.5,3,19,28.13178771445189,74.09176884081617,102.22355655526806
Qwen2.5,3,20,29.815225984394086,74.73977968905682,104.5550056734509
Qwen2.5,3,21,30.59906408586557,75.40118287471523,106.0002469605808
Qwen2.5,3,22,29.95989509370617,74.88321473874753,104.84310983245369
Qwen2.5,3,23,29.501550213443664,72.39021776407147,101.89176797751513
Qwen2.5,4,0,67.70684224604517,73.67757384506707,141.38441609111226
Qwen2.5,4,1,32.75599950335427,71.31402687892123,104.0700263822755
Qwen2.5,4,2,30.222724550605623,72.21360374215988,102.4363282927655
Qwen2.5,4,3,28.17884507703409,71.10834671581283,99.28719179284693
Qwen2.5,4,4,28.809394387709233,71.8493840222378,100.65877840994703
Qwen2.5,4,5,28.236054886124347,72.56504860672854,100.80110349285289
Qwen2.5,4,6,28.667111799938887,72.00574131433244,100.67285311427133
Qwen2.5,4,7,28.95908000907356,71.73005680887677,100.68913681795033
Qwen2.5,4,8,30.947019341675432,72.39719947751777,103.3442188191932
Qwen2.5,4,9,27.89399195418061,70.52065975406383,98.41465170824443
Qwen2.5,4,10,27.997087054636985,70.79474209157415,98.79182914621114
Qwen2.5,4,11,26.762080521839515,68.83411048037884,95.59619100221835
Qwen2.5,4,12,27.66240414181807,70.68727204870407,98.34967619052215
Qwen2.5,4,13,27.760210787717654,70.6464094001444,98.40662018786206
Qwen2.5,4,14,27.692311094968538,71.36542955894551,99.05774065391404
Qwen2.5,4,15,27.46711470908247,72.56606213667266,100.03317684575512
Qwen2.5,4,16,30.581343819111595,72.34918479855612,102.93052861766772
Qwen2.5,4,17,28.533184942709315,72.5617000723027,101.09488501501201
Qwen2.5,4,18,28.827950925223927,72.91654650287718,101.74449742810111
Qwen2.5,4,19,28.108407716928816,74.0800208376367,102.18842855456552
Qwen2.5,4,20,29.801641954079976,74.72705705860913,104.52869901268912
Qwen2.5,4,21,30.57773364893122,75.39641574263287,105.97414939156408
Qwen2.5,4,22,29.944483697032346,74.8880838161603,104.83256751319266
Qwen2.5,4,23,29.494228380336803,72.38903820028624,101.88326658062304
Qwen2.5,5,0,67.70655999624607,73.71158129355844,141.4181412898045
Qwen2.5,5,1,32.761782295781266,71.31480571152021,104.07658800730147
Qwen2.5,5,2,30.225473375928296,72.20410218988167,102.42957556580996
Qwen2.5,5,3,28.16820263107556,71.11114570828762,99.27934833936318
Qwen2.5,5,4,28.79007780233499,71.8534750377461,100.64355284008109
Qwen2.5,5,5,28.203779776202882,72.56710088503864,100.77088066124152
Qwen2.5,5,6,28.663195584720306,72.01450710376652,100.67770268848682
Qwen2.5,5,7,28.953857149109428,71.73821307936456,100.69207022847398
Qwen2.5,5,8,30.941386400661163,72.40597772526493,103.34736412592609
Qwen2.5,5,9,27.881673997512497,70.53320050194004,98.41487449945254
Qwen2.5,5,10,27.99931436789161,70.80371901232705,98.80303338021866
Qwen2.5,5,11,26.74920189638386,68.84536532092683,95.5945672173107
Qwen2.5,5,12,27.66847115878737,70.69831043690374,98.36678159569111
Qwen2.5,5,13,27.765927323309246,70.65174065110675,98.41766797441599
Qwen2.5,5,14,27.70172718047989,71.3740875666832,99.0758147471631
Qwen2.5,5,15,27.471392368819615,72.56892097182943,100.04031334064905
Qwen2.5,5,16,30.598412693217966,72.35953610838251,102.95794880160048
Qwen2.5,5,17,28.533642972472293,72.57442469038679,101.10806766285909
Qwen2.5,5,18,28.819223542088146,72.93425476124456,101.75347830333271
Qwen2.5,5,19,28.107682453320987,74.09009325777173,102.19777571109272
Qwen2.5,5,20,29.795542694695722,74.72941831644391,104.52496101113964
Qwen2.5,5,21,30.579586752375267,75.40661990299866,105.98620665537392
Qwen2.5,5,22,29.948447883649138,74.90221652939,104.85066441303914
Qwen2.5,5,23,29.49907728142225,72.39032062719306,101.88939790861531
Qwen3.5,0,0,53.211429081204386,32.74924334168845,85.96067242289283
Qwen3.5,0,1,54.63934819488987,34.478939981474106,89.11828817636398
Qwen3.5,0,2,56.33701421724172,38.226923345425426,94.56393756266715
Qwen3.5,0,3,46.012982319462324,38.09566282080988,84.1086451402722
Qwen3.5,0,4,59.011780245705914,37.05725307538545,96.06903332109135
Qwen3.5,0,5,55.10486731441353,35.83352613766868,90.93839345208221
Qwen3.5,0,6,53.1567557802532,34.69960660244231,87.85636238269551
Qwen3.5,0,7,37.203637168848275,32.866895249547476,70.07053241839574
Qwen3.5,0,8,52.10638300643185,31.41338708355919,83.51977008999104
Qwen3.5,0,9,50.00980349753252,30.314169171182353,80.32397266871487
Qwen3.5,0,10,50.32231587445034,30.592603091133018,80.91491896558335
Qwen3.5,0,11,36.06316937068335,30.698496540047948,66.7616659107313
Qwen3.5,0,12,56.04700329364166,31.778351628146925,87.82535492178859
Qwen3.5,0,13,52.96788693965535,32.490436731504644,85.45832367116
Qwen3.5,0,14,54.07402006902434,34.29159114515688,88.36561121418123
Qwen3.5,0,15,40.56783810890798,36.154447492477715,76.72228560138569
Qwen3.5,0,16,63.47395813091784,37.82094269124829,101.29490082216614
Qwen3.5,0,17,68.2346994607635,39.941530218328396,108.17622967909189
Qwen3.5,0,18,70.27390997294725,41.5628370228347,111.83674699578195
Qwen3.5,0,19,43.308509015261656,41.072560557054274,84.38106957231594
Qwen3.5,0,20,71.92071589618024,41.22456713299406,113.1452830291743
Qwen3.5,0,21,70.15164288726646,41.793767042742715,111.94540993000918
Qwen3.5,0,22,64.00649551867492,42.40181385694927,106.40830937562419
Qwen3.5,0,23,42.01297355278279,45.05232214833139,87.06529570111418
Qwen3.5,1,0,53.21529446648801,32.75290719443848,85.9682016609265
Qwen3.5,1,1,54.642717840068784,34.48272537966474,89.12544321973353
Qwen3.5,1,2,56.339839200821906,38.230133881490396,94.5699730823123
Qwen3.5,1,3,46.014230102743674,38.10042432814069,84.11465443088437
Qwen3.5,1,4,59.016121722598605,37.06167370034309,96.0777954229417
Qwen3.5,1,5,55.10889721872325,35.83760956081199,90.94650677953524
Qwen3.5,1,6,53.16098112191932,34.70473248753331,87.86571360945263
Qwen3.5,1,7,37.20655414105189,32.8743956767768,70.0809498178287
Qwen3.5,1,8,52.114975187099375,31.42104556650188,83.53602075360126
Qwen3.5,1,9,50.018029962819824,30.32181492468992,80.33984488750974
Qwen3.5,1,10,50.32959096882199,30.600325878128427,80.92991684695042
Qwen3.5,1,11,36.06577670914338,30.711163318379263,66.77694002752264
Qwen3.5,1,12,56.06018827981732,31.7892336199775,87.84942189979482
Qwen3.5,1,13,52.981402908613944,32.50041221944106,85.481815128055
Qwen3.5,1,14,54.085317982562955,34.30082017457363,88.38613815713659
Qwen3.5,1,15,40.5708620830109,36.1627156667545,76.7335777497654
Qwen3.5,1,16,63.48718214952517,37.827810368889814,101.31499251841498
Qwen3.5,1,17,68.24548909542449,39.94767123084371,108.1931603262682
Qwen3.5,1,18,70.28348372163424,41.57035177537611,111.85383549701035
Qwen3.5,1,19,43.31236022662444,41.0826609919524,84.39502121857684
Qwen3.5,1,20,71.93201675530072,41.23339990617152,113.16541666147225
Qwen3.5,1,21,70.16162968253276,41.80223607557338,111.96386575810615
Qwen3.5,1,22,64.01648084958987,42.40991968681144,106.4264005364013
Qwen3.5,1,23,42.018073462107246,45.05816451762394,87.07623797973119
Qwen3.5,2,0,53.21835011608081,32.75671457661033,85.97506469269115
Qwen3.5,2,1,54.64387943654338,34.48467057813968,89.12855001468306
Qwen3.5,2,2,56.34064974853338,38.23060584966988,94.57125559820327
Qwen3.5,2,3,46.01463648927626,38.101425336473945,84.11606182575021
Qwen3.5,2,4,59.0169946795899,37.06205515087953,96.07904983046943
Qwen3.5,2,5,55.108863380421575,35.83797870658218,90.94684208700374
Qwen3.5,2,6,53.16157565162022,34.70476568294906,87.86634133456928
Qwen3.5,2,7,37.20754233982964,32.8752348568726,70.08277719670224
Qwen3.5,2,8,52.11557068373321,31.42180604324855,83.53737672698176
Qwen3.5,2,9,50.01923070636323,30.322764501230264,80.3419952075935
Qwen3.5,2,10,50.33044925641535,30.600704598885336,80.93115385530069
Qwen3.5,2,11,36.06588025836934,30.712198981182798,66.77807923955214
Qwen3.5,2,12,56.06147500656582,31.79064406470602,87.85211907127184
Qwen3.5,2,13,52.98251774198067,32.50188006318406,85.48439780516473
Qwen3.5,2,14,54.08661743203943,34.303186483259445,88.38980391529887
Qwen3.5,2,15,40.57194467864862,36.16518186928792,76.73712654793654
Qwen3.5,2,16,63.48824630301665,37.829548471384484,101.31779477440114
Qwen3.5,2,17,68.24723397578047,39.949173106395655,108.19640708217614
Qwen3.5,2,18,70.28542903011257,41.57166656141367,111.85709559152625
Qwen3.5,2,19,43.312412718757884,41.083622578704684,84.39603529746256
Qwen3.5,2,20,71.93359596072216,41.23412595545766,113.16772191617981
Qwen3.5,2,21,70.16305380201182,41.8035621840926,111.96661598610442
Qwen3.5,2,22,64.01818292082295,42.410809445381965,106.42899236620491
Qwen3.5,2,23,42.01994059264801,45.06005107770074,87.07999167034876
Qwen3.5,3,0,53.21540289773189,32.75362603301422,85.9690289307461
Qwen3.5,3,1,54.641840990219066,34.482616965693516,89.12445795591259
Qwen3.5,3,2,56.338707002651844,38.22992294076252,94.56862994341436
Qwen3.5,3,3,46.01383788908196,38.09973568161319,84.11357357069515
Qwen3.5,3,4,59.01473517601776,37.06065057832988,96.07538575434764
Qwen3.5,3,5,55.1078699986383,35.836512532515826,90.94438253115413
Qwen3.5,3,6,53.15963926728953,34.70308212971519,87.86272139700472
Qwen3.5,3,7,37.20635026443739,32.87223891350456,70.07858917794195
Qwen3.5,3,8,52.11251774680315,31.418781509520205,83.53129925632335
Qwen3.5,3,9,50.01626035458962,30.31970531914267,80.33596567373229
Qwen3.5,3,10,50.32810865163316,30.59825542189099,80.92636407352416
Qwen3.5,3,11,36.06540111594225,30.709288404114957,66.77468952005721
Qwen3.5,3,12,56.05877513695335,31.78823832720627,87.84701346415962
Qwen3.5,3,13,52.97972756120268,32.49958331501212,85.4793108762148
Qwen3.5,3,14,54.08373677329054,34.30114135622667,88.3848781295172
Qwen3.5,3,15,40.57067788655749,36.16352453221059,76.73420241876808
Qwen3.5,3,16,63.48645894908937,37.82821616185835,101.31467511094772
Qwen3.5,3,17,68.2459202287621,39.94795044951853,108.19387067828063
Qwen3.5,3,18,70.28372755895204,41.570189901858306,111.85391746081035
Qwen3.5,3,19,43.312293554477336,41.08149286961812,84.39378642409545
Qwen3.5,3,20,71.93104322740012,41.23301726343204,113.16406049083216
Qwen3.5,3,21,70.16114896733886,41.80256678535123,111.96371575269009
Qwen3.5,3,22,64.01628367574203,42.410347838231246,106.42663151397328
Qwen3.5,3,23,42.018726624518216,45.05950316729639,87.0782297918146
Qwen3.5,4,0,53.215478385496176,32.753255201862906,85.96873358735908
Qwen3.5,4,1,54.64170653505758,34.48260723054473,89.12431376560231
Qwen3.5,4,2,56.33927139280317,38.22967507893083,94.568946471734
Qwen3.5,4,3,46.01415980132289,38.09970804738402,84.11386784870692
Qwen3.5,4,4,59.0155273953803,37.061113971698724,96.07664136707902
Qwen3.5,4,5,55.10798960610789,35.836575336322774,90.94456494243067
Qwen3.5,4,6,53.15985654048062,34.70312060305015,87.86297714353077
Qwen3.5,4,7,37.20662760197714,32.873071650237975,70.07969925221511
Qwen3.5,4,8,52.11359818029568,31.419235596661412,83.53283377695709
Qwen3.5,4,9,50.01704657362783,30.31994713610064,80.33699370972847
Qwen3.5,4,10,50.32837550691012,30.598180868890744,80.92655637580086
Qwen3.5,4,11,36.06561710102076,30.709030026141892,66.77464712716265
Qwen3.5,4,12,56.059599053932295,31.78801488005579,87.84761393398809
Qwen3.5,4,13,52.98076292666609,32.499587071069676,85.48034999773577
Qwen3.5,4,14,54.085160228495084,34.30076100920425,88.38592123769934
Qwen3.5,4,15,40.5713353108,36.16276672243821,76.7341020332382
Qwen3.5,4,16,63.48715639135934,37.827606664018994,101.31476305537834
Qwen3.5,4,17,68.24558663159343,39.94712348293112,108.19271011452454
Qwen3.5,4,18,70.28410939073183,41.56981402985299,111.85392342058482
Qwen3.5,4,19,43.311637660658185,41.080261198140185,84.39189885879837
Qwen3.5,4,20,71.93189817238145,41.23172313493315,113.1636213073146
Qwen3.5,4,21,70.16097688787022,41.80171153383798,111.96268842170821
Qwen3.5,4,22,64.01679061264213,42.40937567641938,106.42616628906151
Qwen3.5,4,23,42.017867692736814,45.06109879387895,87.07896648661577
Qwen3.5,5,0,53.21831876498285,32.75933471898458,85.97765348396743
Qwen3.5,5,1,54.64472476544012,34.485866139317224,89.13059090475734
Qwen3.5,5,2,56.3402988944692,38.23106284501865,94.57136173948786
Qwen3.5,5,3,46.014482374528576,38.10091632532086,84.11539869984944
Qwen3.5,5,4,59.016048172334216,37.06216322438686,96.07821139672107
Qwen3.5,5,5,55.10824571690309,35.8376180763282,90.9458637932313
Qwen3.5,5,6,53.160312701411385,34.70421256843493,87.86452526984633
Qwen3.5,5,7,37.206255887180234,32.873405620944425,70.07966150812466
Qwen3.5,5,8,52.113230330157336,31.41965203979442,83.53288236995175
Qwen3.5,5,9,50.01727845147131,30.32074479126899,80.3380232427403
Qwen3.5,5,10,50.32853462647068,30.599316348747763,80.92785097521843
Qwen3.5,5,11,36.06632025993621,30.712028567492393,66.7783488274286
Qwen3.5,5,12,56.06121897004677,31.790490711573124,87.8517096816199
Qwen3.5,5,13,52.9806691220584,32.50240422672726,85.48307334878567
Qwen3.5,5,14,54.08635063404824,34.30446732236903,88.39081795641727
Qwen3.5,5,15,40.572185658964784,36.16698510752006,76.73917076648485
Qwen3.5,5,16,63.48926594638953,37.83104449055159,101.32031043694113
Qwen3.5,5,17,68.24865096194713,39.95014593410455,108.19879689605168
Qwen3.5,5,18,70.28806272251266,41.572222268079926,111.86028499059259
Qwen3.5,5,19,43.31290601840044,41.083346992990776,84.39625301139122
Qwen3.5,5,20,71.93510134067716,41.23447787382961,113.16957921450677
Qwen3.5,5,21,70.16357062872144,41.804562669174494,111.96813329789595
Qwen3.5,5,22,64.02010968295149,42.41230468705029,106.43241437000177
Qwen3.5,5,23,42.02254394216678,45.0625,87.08504394216678
Gemma,0,0,46.69575592948648,128.87071195733586,175.56646788682235
Gemma,0,1,46.899536546967205,123.4955095100248,170.39504605699202
Gemma,0,2,50.14850991679613,123.17341013726846,173.3219200540646
Gemma,0,3,44.74333951175373,118.89755609437414,163.64089560612786
Gemma,0,4,42.289540224532395,118.48410597172906,160.77364619626147
Gemma,0,5,49.7303323639733,119.36776657158775,169.09809893556104
Gemma,0,6,50.916139057795164,125.68739365127898,176.60353270907416
Gemma,0,7,51.66498515356381,127.05665778348404,178.72164293704785
Gemma,0,8,51.41533983559922,122.8609880625063,174.2763278981055
Gemma,0,9,47.932663097833306,119.15947699210184,167.09214008993516
Gemma,0,10,44.16000922548502,126.31522332850957,170.4752325539946
Gemma,0,11,44.96862343352151,117.35108738295072,162.31971081647222
Gemma,0,12,50.101934972009346,119.74127726153839,169.84321223354772
Gemma,0,13,47.568272725298314,115.8203615092645,163.3886342345628
Gemma,0,14,47.17923438834826,125.31715721551508,172.49639160386334
Gemma,0,15,50.622974496516896,118.23555817433635,168.85853267085324
Gemma,0,16,42.48340740554077,128.35229505352763,170.8357024590684
Gemma,0,17,42.95523580094566,120.53199792757964,163.4872337285253
Gemma,0,18,45.315740051186616,123.11492376777765,168.43066381896426
Gemma,0,19,47.87589432401466,122.79601387239416,170.67190819640882
Gemma,0,20,47.170691400458246,118.44174320400357,165.6124346044618
Gemma,0,21,54.972830980367874,121.07756721504956,176.05039819541742
Gemma,0,22,48.49818652980426,122.84046626159959,171.33865279140383
Gemma,0,23,54.76320011794602,123.96248920729508,178.7256893252411
Gemma,0,24,43.362059671954476,126.33903473106538,169.70109440301985
Gemma,0,25,46.62559562077666,124.44460623897147,171.07020185974812
Gemma,1,0,46.69625653899742,128.87250600005564,175.56876253905307
Gemma,1,1,46.900097447926484,123.4976129339779,170.3977103819044
Gemma,1,2,50.14897423376892,123.17633863851704,173.32531287228596
Gemma,1,3,44.74390357063498,118.90020311497054,163.64410668560552
Gemma,1,4,42.29038019838813,118.4879596242915,160.77833982267964
Gemma,1,5,49.73098836352723,119.36924427796377,169.100232641491
Gemma,1,6,50.91674891255547,125.68983139387336,176.60658030642884
Gemma,1,7,51.66559827786916,127.05910528313807,178.72470356100723
Gemma,1,8,51.416132218825545,122.86411526687725,174.2802474857028
Gemma,1,9,47.93385907885371,119.16171227317523,167.09557135202894
Gemma,1,10,44.16088169046999,126.31759628743708,170.47847797790706
Gemma,1,11,44.96969906757789,117.35354486417314,162.32324393175105
Gemma,1,12,50.10331458664545,119.74455704394413,169.84787163058957
Gemma,1,13,47.57025540417825,115.82429812387672,163.39455352805496
Gemma,1,14,47.180986331269146,125.32021338869905,172.50119971996818
Gemma,1,15,50.62434202166931,118.23787286685314,168.86221488852243
Gemma,1,16,42.484972641989835,128.35500553655498,170.8399781785448
Gemma,1,17,42.959253567083955,120.53505440667587,163.49430797375982
Gemma,1,18,45.31834687493094,123.11882432660106,168.437171201532
Gemma,1,19,47.877252988864825,122.7994861803271,170.67673916919193
Gemma,1,20,47.17231362623168,118.44423474008376,165.61654836631544
Gemma,1,21,54.974238518007375,121.08195368450511,176.05619220251248
Gemma,1,22,48.49969010401558,122.8438709833893,171.34356108740488
Gemma,1,23,54.76863846916066,123.96526022312662,178.73389869228728
Gemma,1,24,43.36405767225588,126.342713288784,169.70677096103987
Gemma,1,25,46.63817878582937,124.45248744343914,171.0906662292685
Gemma,2,0,46.69624444862208,128.87238096726495,175.56862541588703
Gemma,2,1,46.90005710492592,123.49725907098859,170.3973161759145
Gemma,2,2,50.1489383299886,123.17544423900635,173.32438256899496
Gemma,2,3,44.74378830404143,118.89980836280156,163.643596666843
Gemma,2,4,42.29040004292955,118.48758577757603,160.7779858205056
Gemma,2,5,49.730987749874075,119.36912207387428,169.10010982374837
Gemma,2,6,50.916806750981515,125.68965949086538,176.6064662418469
Gemma,2,7,51.66564996190726,127.05892418419003,178.7245741460973
Gemma,2,8,51.41610432239501,122.86383583366474,174.27994015605975
Gemma,2,9,47.933837750733794,119.16165797949387,167.09549573022767
Gemma,2,10,44.16103095800003,126.31761706452262,170.47864802252266
Gemma,2,11,44.97000512657281,117.35359479341696,162.32359991998976
Gemma,2,12,50.10341904598584,119.74456392504676,169.8479829710326
Gemma,2,13,47.57024674357009,115.82412844156457,163.39437518513466
Gemma,2,14,47.18112054610751,125.32026404018451,172.50138458629203
Gemma,2,15,50.624403811111385,118.23797868913435,168.86238250024573
Gemma,2,16,42.48516119916624,128.35508780119753,170.84024900036377
Gemma,2,17,42.960069435674434,120.53514656570998,163.49521600138442
Gemma,2,18,45.318540815008184,123.11863829932366,168.43717911433185
Gemma,2,19,47.877338083409825,122.79947114513723,170.67680922854706
Gemma,2,20,47.17251611749652,118.44418887774212,165.61670499523865
Gemma,2,21,54.974353983901125,121.081746128826,176.0561001127271
Gemma,2,22,48.49960421371208,122.84385831367649,171.34346252738857
Gemma,2,23,54.77143586549086,123.96526908555124,178.7367049510421
Gemma,2,24,43.364168161308775,126.34269686365433,169.7068650249631
Gemma,2,25,46.6346173632967,124.45208823328358,171.08670559658026
Gemma,3,0,46.69630424693442,128.87218441926166,175.56848866619606
Gemma,3,1,46.899855714750906,123.49693436620831,170.39679008095922
Gemma,3,2,50.14887838887436,123.17515089437302,173.32402928324737
Gemma,3,3,44.74381899635866,118.89950113280084,163.6433201291595
Gemma,3,4,42.2903798375782,118.48705507547643,160.77743491305463
Gemma,3,5,49.7310531038934,119.36899731308482,169.1000504169782
Gemma,3,6,50.91672883391552,125.68943999854736,176.60616883246288
Gemma,3,7,51.66558380632922,127.0586686276757,178.7242524340049
Gemma,3,8,51.416069303450136,122.86346139216359,174.27953069561372
Gemma,3,9,47.933691955271826,119.16153658692814,167.09522854219995
Gemma,3,10,44.16099225905921,126.31750931355354,170.47850157261274
Gemma,3,11,44.97012184918848,117.3535347222929,162.3236565714814
Gemma,3,12,50.103238449962774,119.74438756481025,169.84762601477303
Gemma,3,13,47.57002669944118,115.82392002708013,163.3939467265213
Gemma,3,14,47.18102805110317,125.32011549490468,172.50114354600785
Gemma,3,15,50.62431700445912,118.23801843699111,168.86233544145023
Gemma,3,16,42.485198192190275,128.3551077729525,170.84030596514276
Gemma,3,17,42.96074286189769,120.53494832242573,163.49569118432342
Gemma,3,18,45.318588626496926,123.11835944378444,168.43694807028137
Gemma,3,19,47.87744867422171,122.79926761073301,170.67671628495472
Gemma,3,20,47.17247115545368,118.44411621938924,165.61658737484294
Gemma,3,21,54.97421103930943,121.08147619249249,176.05568723180193
Gemma,3,22,48.49929777600522,122.8436531138323,171.34295088983754
Gemma,3,23,54.771175382969744,123.96521541863694,178.7363908016067
Gemma,3,24,43.36402600336716,126.34238623506488,169.70641223843205
Gemma,3,25,46.63371134112388,124.45134154991749,171.08505289104136
Gemma,4,0,46.6959297709954,128.87140959095984,175.56733936195525
Gemma,4,1,46.899721345704044,123.4963180672682,170.39603941297224
Gemma,4,2,50.1486994779144,123.17449433501848,173.32319381293289
Gemma,4,3,44.743606536886745,118.89873523600937,163.64234177289612
Gemma,4,4,42.28997428527036,118.48607312222724,160.7760474074976
Gemma,4,5,49.7306910476828,119.36854070793606,169.09923175561886
Gemma,4,6,50.916504671845324,125.68893254249507,176.60543721434038
Gemma,4,7,51.665398038650466,127.05807488912797,178.72347292777843
Gemma,4,8,51.41586393763237,122.86281571075521,174.2786796483876
Gemma,4,9,47.933457344612776,119.16106125957343,167.0945186041862
Gemma,4,10,44.16072689397999,126.31699230089875,170.47771919487874
Gemma,4,11,44.96967904812537,117.35293010861776,162.3226091567431
Gemma,4,12,50.10310323092913,119.7437237904644,169.84682702139352
Gemma,4,13,47.56993913057614,115.82314762550233,163.39308675607847
Gemma,4,14,47.18100799971468,125.31954371569255,172.50055171540723
Gemma,4,15,50.62428053356428,118.23767102994687,168.86195156351116
Gemma,4,16,42.48509295952284,128.35465365251784,170.83974661204067
Gemma,4,17,42.959919547177925,120.5345632282176,163.49448277539554
Gemma,4,18,45.318497043882715,123.11784634794205,168.43634339182478
Gemma,4,19,47.87741744110764,122.7986755200261,170.67609296113375
Gemma,4,20,47.172252813988806,118.44373695236987,165.61598976635867
Gemma,4,21,54.97417773177836,121.08082478903006,176.05500252080842
Gemma,4,22,48.49930784380459,122.84324892379045,171.34255676759506
Gemma,4,23,54.77055634894936,123.96483187184833,178.7353882207977
Gemma,4,24,43.36394683104416,126.34206183751897,169.70600866856313
Gemma,4,25,46.634285909773006,124.45073966346365,171.08502557323666
Gemma,5,0,46.69603433700483,128.87149436763303,175.56752870463788
Gemma,5,1,46.89975322991949,123.49632350375987,170.39607673367937
Gemma,5,2,50.148707693227564,123.17454140920188,173.32324910242943
Gemma,5,3,44.743637911382685,118.89880864322124,163.64244655460394
Gemma,5,4,42.28993676066096,118.48606410753676,160.7760008681977
Gemma,5,5,49.730595010296476,119.36854837768982,169.0991433879863
Gemma,5,6,50.916391092023964,125.68878540413694,176.6051764961609
Gemma,5,7,51.6653510797833,127.05797281001237,178.72332388979567
Gemma,5,8,51.41581586054498,122.86254608591217,174.27836194645715
Gemma,5,9,47.93345002295908,119.16081078997826,167.09426081293734
Gemma,5,10,44.160672645974515,126.31683188158877,170.47750452756327
Gemma,5,11,44.96955316288924,117.35285053342467,162.32240369631393
Gemma,5,12,50.102981411667415,119.74358667708667,169.84656808875408
Gemma,5,13,47.569953244250264,115.8229807080936,163.39293395234387
Gemma,5,14,47.18086472906184,125.3193075029056,172.50017223196744
Gemma,5,15,50.62417232637457,118.23752804042114,168.8617003667957
Gemma,5,16,42.48502220567157,128.35452954183677,170.83955174750832
Gemma,5,17,42.95950433200053,120.53438422608596,163.4938885580865
Gemma,5,18,45.31838391216258,123.11758632899104,168.43597024115363
Gemma,5,19,47.87722717363587,122.79847272985587,170.67569990349176
Gemma,5,20,47.172317507861536,118.4436019412628,165.61591944912433
Gemma,5,21,54.97413498708393,121.0806416796293,176.05477666671322
Gemma,5,22,48.49918136692329,122.84312471023448,171.34230607715776
Gemma,5,23,54.772086927080444,123.96478263597437,178.73686956305482
Gemma,5,24,43.3639872969162,126.34192246467644,169.70590976159264
Gemma,5,25,46.63239792128078,124.45048291981277,171.08288084109356
